{
    "CR": {
        "precision": 0.8857142857142857,
        "recall": 0.49206349206349204,
        "f1-score": 0.6326530612244898,
        "support": 63.0
    },
    "M": {
        "precision": 0.7623762376237624,
        "recall": 0.9705882352941176,
        "f1-score": 0.8539741219963032,
        "support": 238.0
    },
    "Other": {
        "precision": 0.42857142857142855,
        "recall": 0.06818181818181818,
        "f1-score": 0.11764705882352941,
        "support": 44.0
    },
    "accuracy": 0.7681159420289855,
    "macro avg": {
        "precision": 0.6922206506364922,
        "recall": 0.5102778485131426,
        "f1-score": 0.5347580806814408,
        "support": 345.0
    },
    "weighted avg": {
        "precision": 0.7423266301785456,
        "recall": 0.7681159420289855,
        "f1-score": 0.7196505926970965,
        "support": 345.0
    }
}