{
    "CR": {
        "precision": 0.9090909090909091,
        "recall": 0.47619047619047616,
        "f1-score": 0.625,
        "support": 63.0
    },
    "M": {
        "precision": 0.7564102564102564,
        "recall": 0.9915966386554622,
        "f1-score": 0.8581818181818182,
        "support": 238.0
    },
    "Other": {
        "precision": 0.0,
        "recall": 0.0,
        "f1-score": 0.0,
        "support": 44.0
    },
    "accuracy": 0.7710144927536232,
    "macro avg": {
        "precision": 0.5551670551670552,
        "recall": 0.48926237161531283,
        "f1-score": 0.4943939393939394,
        "support": 345.0
    },
    "weighted avg": {
        "precision": 0.6878213573865748,
        "recall": 0.7710144927536232,
        "f1-score": 0.7061515151515152,
        "support": 345.0
    }
}