{
    "CR": {
        "precision": 0.8888888888888888,
        "recall": 0.5079365079365079,
        "f1-score": 0.6464646464646465,
        "support": 63.0
    },
    "M": {
        "precision": 0.77,
        "recall": 0.9705882352941176,
        "f1-score": 0.8587360594795539,
        "support": 238.0
    },
    "Other": {
        "precision": 0.5555555555555556,
        "recall": 0.11363636363636363,
        "f1-score": 0.18867924528301888,
        "support": 44.0
    },
    "accuracy": 0.7768115942028986,
    "macro avg": {
        "precision": 0.7381481481481481,
        "recall": 0.5307203689556631,
        "f1-score": 0.564626650409073,
        "support": 345.0
    },
    "weighted avg": {
        "precision": 0.7643607085346216,
        "recall": 0.7768115942028986,
        "f1-score": 0.7345169323937953,
        "support": 345.0
    }
}