{
    "CR": {
        "precision": 0.918918918918919,
        "recall": 0.5396825396825397,
        "f1-score": 0.68,
        "support": 63.0
    },
    "M": {
        "precision": 0.7864406779661017,
        "recall": 0.9747899159663865,
        "f1-score": 0.8705440900562852,
        "support": 238.0
    },
    "Other": {
        "precision": 0.6923076923076923,
        "recall": 0.20454545454545456,
        "f1-score": 0.3157894736842105,
        "support": 44.0
    },
    "accuracy": 0.7971014492753623,
    "macro avg": {
        "precision": 0.7992224297309042,
        "recall": 0.5730059700647936,
        "f1-score": 0.6221111879134985,
        "support": 345.0
    },
    "weighted avg": {
        "precision": 0.7986269904619205,
        "recall": 0.7971014492753623,
        "f1-score": 0.7649977689144961,
        "support": 345.0
    }
}