{
    "CR": {
        "precision": 0.918918918918919,
        "recall": 0.5396825396825397,
        "f1-score": 0.68,
        "support": 63.0
    },
    "M": {
        "precision": 0.7945205479452054,
        "recall": 0.9747899159663865,
        "f1-score": 0.8754716981132076,
        "support": 238.0
    },
    "Other": {
        "precision": 0.6875,
        "recall": 0.25,
        "f1-score": 0.36666666666666664,
        "support": 44.0
    },
    "accuracy": 0.8028985507246377,
    "macro avg": {
        "precision": 0.8003131556213748,
        "recall": 0.5881574852163087,
        "f1-score": 0.640712788259958,
        "support": 345.0
    },
    "weighted avg": {
        "precision": 0.8035877747908718,
        "recall": 0.8028985507246377,
        "f1-score": 0.7748857898094977,
        "support": 345.0
    }
}