{
    "CR": {
        "precision": 0.9142857142857143,
        "recall": 0.5079365079365079,
        "f1-score": 0.6530612244897959,
        "support": 63.0
    },
    "M": {
        "precision": 0.7662337662337663,
        "recall": 0.9915966386554622,
        "f1-score": 0.8644688644688645,
        "support": 238.0
    },
    "Other": {
        "precision": 1.0,
        "recall": 0.045454545454545456,
        "f1-score": 0.08695652173913043,
        "support": 44.0
    },
    "accuracy": 0.782608695652174,
    "macro avg": {
        "precision": 0.8935064935064935,
        "recall": 0.5149958973488385,
        "f1-score": 0.5348288702325968,
        "support": 345.0
    },
    "weighted avg": {
        "precision": 0.8230830039525693,
        "recall": 0.782608695652174,
        "f1-score": 0.7267029966462859,
        "support": 345.0
    }
}